Mean;Median;Quantile_10;TopMinMean;MB_1;MB_2
8.903373e-05;9.334836e-05;-0.03131036;-0.04203614;-0.00965448;-0.03323927
