V;Mean;Median;Quantile_10;TopMinMean;MB_1;MB_2
1;0.0001591172;0.0002782579;-0.0797541;-0.08984917;-0.0247547;-0.03308185
2;8.137793e-05;0.000112419;-0.07993142;-0.09000622;-0.02493022;-0.03326617
3;0.0001132182;0.0001390352;-0.08001057;-0.09003263;-0.02489311;-0.03323318
4;2.553861e-05;1.887087e-05;-0.07994938;-0.08999049;-0.02496709;-0.03329781
5;8.406755e-05;6.102744e-05;-0.07989199;-0.0899371;-0.02489756;-0.03323261
6;1.850137e-05;4.919219e-05;-0.08001;-0.09001109;-0.02497301;-0.0333098
